{"cameraMode":{"drawMode":0,"name":"Shaded","section":"Shading Mode"},"sceneLighting":true,"audioPlay":false,"sceneViewState":{"m_AlwaysRefresh":true,"showFog":true,"showSkybox":true,"showFlares":true,"showImageEffects":true,"showParticleSystems":true,"showVisualEffectGraphs":true,"m_FxEnabled":true},"in2DMode":false,"pivot":{"x":0.03750424459576607,"y":-0.12480491399765015,"z":11.682857513427735},"rotation":{"x":0.028917185962200166,"y":0.000271115597570315,"z":0.002295250538736582,"w":1.000253438949585},"size":6.656152725219727,"orthographic":false}